name,attribute,awesomeness,wealth,owns_hat
todd,0.4842224489987679,2,4.9275702e6,false
jane,-0.6880215644335855,3,3.5237175e6,true
yiting,0.12550995006092916,5,361005.5,false
emilio,1.9453860189190144,5,3.3982907e6,true
betty,0.4704043376425287,4,4.4670306e6,true
